{
    "id": "etheria-prompt",
    "title": "Etheria Prompt Module",
    "description": "",
    "version": "1.0.0",
    "compatibility": {
        "minimun": "11",
        "verified": "11"
    },
    "authors": [
        {
            "name": "JoaquinP",
            "url": "https://github.com/joaquinpereyra98",
            "email": "joaquinpereyra98@gmail.com",
            "discord": "joaquinp98"
        }
    ],
    "url": "https://github.com/joaquinpereyra98/etheria-prompt",
    "download": "",
    "manifest": "",
    "socket": true,
    "readme": "README.md",
    "relationships": {
        "systems": [
            {
                "id": "sandbox",
                "compatibility": {
                    "verified": "0.14.4.4"
                }
            }
        ],
        "requires": [],
        "conflicts": []
    },
    "esmodules": [
        "etheria-prompt.mjs"
    ],
    "styles": [
        "etheria-prompt.css"
    ]
}